{"train_loss": [0.2816486877733518, 0.016211685183256327, 0.012769963400470178, 0.009177781818129551, 0.008027221734761909, 0.012033111499554763, 0.005398085418432054, 0.0037723565253636577, 0.009076457405590092, 0.004879776551697529, 0.0063676876663404675, 0.0037301437656511787, 0.0049847495154336265, 0.00692538414832938, 0.004921800505762026, 0.0021675979567366095, 0.006957831855646007, 0.001963282147178513, 0.002112770951856008, 0.0016291393009588528, 0.006626764445330806, 0.0032711634888275445, 0.0007855124896642012, 0.002331360417799338, 0.003762869379202093, 0.0020866839626561685, 0.003686832664220917, 0.0008276162069308006, 0.0033662243990297586, 0.004851336995126139], "train_acc": [0.9311497326203209, 0.9965741978609626, 0.9969502005347594, 0.9979110962566845, 0.9981617647058824, 0.9971683749257279, 0.9989555481283422, 0.9991644385026738, 0.9976604278074866, 0.9987466577540107, 0.9983706550802139, 0.9991644385026738, 0.9987466577540107, 0.9981617647058824, 0.9988302139037433, 0.9996239973262032, 0.9984124331550802, 0.9995404411764706, 0.999456885026738, 0.9996239973262032, 0.9980364304812834, 0.9992479946524064, 0.9998328877005348, 0.999456885026738, 0.9992479946524064, 0.9993733288770054, 0.9994986631016043, 0.9998328877005348, 0.9991644385026738, 0.9990808823529411], "val_loss": [0.01841228384781923, 0.00824296909038247, 0.003114959633488692, 0.0025149013488388796, 0.0014294570933423912, 0.004173176002408795, 0.0018115287304776996, 0.00023377968562415748, 0.0013545416096289236, 0.014504231673286938, 0.0004071413206217681, 0.0001130751820889935, 0.001693860696611924, 0.0009878093887307397, 0.0021029853118226132, 0.002863616182307619, 0.0010436246828900858, 7.736983264468735e-05, 0.0004957561259297618, 0.018645569057507087, 0.0008028330181313255, 0.0001750506645990109, 7.653687007853861e-05, 0.0006631041974533505, 0.00022714606459967794, 0.0036462532253290266, 0.0003993000640752791, 0.0002390586308864754, 0.00022408432206669012, 0.005552498404601046], "val_acc": [0.9940789473684211, 0.9978618421052632, 0.9995065789473684, 0.9993421052631579, 0.999671052631579, 0.9983552631578947, 0.9995065789473684, 1.0, 0.9993421052631579, 0.9940789473684211, 0.9998355263157894, 1.0, 0.9998355263157894, 0.9995065789473684, 0.9993421052631579, 0.9993421052631579, 0.9998355263157894, 1.0, 0.999671052631579, 0.9958881578947368, 0.9998355263157894, 1.0, 1.0, 0.999671052631579, 1.0, 0.9991776315789473, 0.9998355263157894, 0.9998355263157894, 0.9998355263157894, 0.9991776315789473]}