{"train_loss": [0.28059041206967733, 0.014325716874075377, 0.013377827547837975, 0.010396112237009843, 0.009173320640590699, 0.00703657340730091, 0.009462224928967849, 0.009137742356174653, 0.0056878518381979805, 0.003984253210960146, 0.004625428737282081, 0.006519424889694179, 0.004504662806563591, 0.004007683520808192, 0.007982249214321084, 0.003333576627042969, 0.005303716460535813], "train_acc": [0.9328626336898396, 0.9971590909090909, 0.9971590909090909, 0.9977022058823529, 0.9980457144979203, 0.9984542112299465, 0.9977857620320856, 0.9976186497326203, 0.9984959893048129, 0.9990808823529411, 0.9986213235294118, 0.9987048796791443, 0.9990391042780749, 0.9991226604278075, 0.9979110962566845, 0.9991644385026738, 0.9987466577540107], "val_loss": [0.0059463075530641766, 0.0028730510332312213, 0.00601767730132499, 0.0031083218549611048, 0.045326383522863604, 0.0009683716226055894, 0.001457298351598231, 0.0010572872320440713, 0.0004404032532145146, 0.00018507501920339564, 0.0005032335059001381, 0.0005184247788182155, 0.000679361652085818, 0.0015475827826246825, 0.0077352164945379675, 0.00047518149867564985, 0.0014049180782841494], "val_acc": [0.9991776315789473, 0.9995065789473684, 0.9981907894736842, 0.9995065789473684, 0.9889802631578948, 0.999671052631579, 0.999671052631579, 0.9998355263157894, 1.0, 1.0, 1.0, 0.9998355263157894, 0.9998355263157894, 0.9995065789473684, 0.9976973684210526, 0.9998355263157894, 0.999671052631579]}